Title,Meaning
abdol,shaydo
abdol,tentak
adan,chiqindi suv ketadigan chuqurcha
adik,etik
adil,odil
agizak,egizak
aglanmak,kech qolmoq
ajab,xoʻp
ajina,jin
ajir,azob
ajiz,zaif
ajji,achchiq
ajoyibxona,muzey
ak,ohak
aka,ota
akdi,ekdi
akkalmoq,olib kelmoq
aklamoq,oqlamoq
akmoq,ekmoq
aks,oʻjar
aksilmak,kamsitilmoq
al,qoʻl
ala,elakla
alashtirma,ayblama
alashtirmang,aybga buyurmang
alli,ellik
alpatak-elpatak,birdan shoshib qolish
ambiyatchilik,toʻkin-sochinlik
amjak,emchak
ana,buvi
anaka,enaga
andarmon,mashgʻul boʻlmoq
andin soʻng,undan keyin
andratop,ajoyib
angak,iyak
angak,jagʻ
angilmak,egilmoq
angqildoq,anqov
angsa,ensa
angshirmoq,fahmlamoq
anjomxona,omborxona
apika,opa
apir,mugʻombir
apkin,engil shabada
aplama,sifatsiz
apsiz,epsiz
aptik,dorixona
ar,er
ar-xotin,er-xotin
aravlamak,chuvalashmoq
arganak,panjara
arganak,toʻsiq
arik,oʻrik
arka,erka
arka bola,erkatoy
arkak,erkak
arkalik,erkalanish
armak,ermak
arpovoydon,arpabodiyon
arzoyil,azroyil
asa,unday boʻlsa
asankirash,esankirash
asdi,esdi
asirak,maqtanchoq
asirma,katta ketma
atak,kiyim etagi
avusarang,ovsar
avusarang,parishonxotir
avvalaman,bolalar oʻyini
azik,ezilgan
azilgan,ezilgan
badastur ishlash,tartibli tarzda ishlash
badlanib qaramoq,yomon koʻz bilan qaramoq
badroʻy,badbashara
badroʻy,koʻrimsiz
bagʻrima bosdim,quchogʻimga oldim
bak,bek
bak,mahkam
bak,yopiq
bakla,yop
bakla,bekit
bakra,osyotr baligʻi
bandi,zindonband
bangi,choyxoʻr
baqqa,sut
barak,chuchvara
bari gal,bu yoqqa kel
bas,bahs
bavak,chaqaloq
bayot,davlatli
baziryon,savdogar
bekdali,hurmatli
bel,belkurak
bera oʻtir,bu yoqqa oʻtir
berda,bu yerda
beshikchi,beshik yasaydigan usta
beyi,behi
beyik,baland
beyish,behisht
bezuvon,yuvosh
bezuvon,moʻmin-qobil
bichilgan,axta qilingan
bichqi,arra
bidirdamoq,toʻngʻillamoq
biiz,bigiz
bika,xonim
bilagoʻra,ataylab
bilmabman,bilmay qolibman
bir chayim suv,ogʻiz chayishga yetadigan suv
bir yutum suv,bir qultum suv
birmak,bezori
birzamon,birpas
bishshiq,ezilib ketgan
bitir,bitkaz
bitir,tamomla
biyi,yanga
biyi,kelinoyi
biyi,behi
blashtirma,iflos qilma
blomiq,atala
bloshiq,ifloslangan
bo,bor
bodirak,varrak
bodli,kuchli
bodli,quvvatli
bodom barmoq,koʻrsatgich barmoq
bogʻdosh qurib oʻtirdi,chordona qurib oʻtirdi
bogʻir,jigar
bogʻlamman,bogʻlamayman
bolagʻina,bechora
boldiz,qayinsingil
boldoq,dasta
boloq,shimning pastki qismi
bolori,asalari
bomi,bormi
bon,bu yon
boono topmo,bahona qilma
boqinmoq,tobe boʻlmoq
boqir,tanga
boqqi,boʻrdoqi
bordi-galdi,aloqa
borimman,bormayman
borina shukir,boriga shukur
borlomoq,yoʻqlamoq
borlosh,yoʻqlama qilish
bosa-bos,toʻpolon
boshpotroq,manosiz gap
bosinqiradi,tushida alahsiradi
botis,yupqa mato
botli,kuchli
botmon,oʻlchov birligi
boxmol,duxoba
boxno,qaram
boxtiqaro,nochor
boyimjon,baqlajon
boyli,bogʻlangan
boyliq,boylik
boyoqi,haligi
boʻkchi,sakra
boʻkchimoq,sakramoq
boʻlaqoʻy,boʻlaqol
boʻldomli,gavdali
boʻldomli,yirik
boʻlmidoʻvin,boʻlmaydigan
boʻltak,soqov
boʻrsoq,boʻgʻirsoq
boʻsha gap,boʻlmagʻir gap
boʻshochi,bekorchi
boʻshogʻ,yaylov
boʻyinda bo,homilador
boʻyon,qizilmiya
bra,burga
budoq,butoq
bugin,bugun
bugʻoz xotin,homilador xotin
bukilib dur,engashib tur
bukin,buklangan joy
buklam,oq mato
buloma,qorishtirma
bulomiq,suyuq loy
bulomon,musiqa asbobi
buqabichim odam,yoʻgʻon gavdali odam
bur,simni bura
burch,qalampir
burt,moʻylov
burunch,guruch
burungi zamon,qadimgi zamon
butun,tamomila
buyin,bugun
buyurgun,indin
buyurmogʻon,keraksiz
buyurmogʻon,yomon narsa
buziq,hulqi yomon

bashqa, boshqa
chak,tort
chakar,xoda
chakida,chakki
chakish,chekish
chakmon,toʻn
chandir,chaynalmaydigan goʻsht
chanlab goʻr,moʻljallab koʻr
chapak,qarsak
chapakay,chapaqay
chartak,bostirma
chatildi,aldandi
chaya,qum
chaym,yutim
chech,ech
chel,egat
chesh,ech
cheshma,ochiq quduq
cheyil,ajriq
cheyna,chayna
chigʻ,shabnam
chigʻi,mato turi
chigʻinish,kuchanish
chilib yubor,chalib yubor
chilpimoq,chekanka qilmoq
chilpoq,krujka
chimishka,pista
chimitladi,chimchiladi
chimrilma,mujmaytirma
chin gʻalaba,halol gʻalaba
chingirik,shakarqamish
chiploq,kambagʻal
chiqir,charxpalak
chiqon,dugona
chiqqinji,xarajat
chirillomo,chinqirama
chirkay,oqpashsha
chirmashgan,oʻralgan
chirmoviq,begona oʻt
chish atmak,hojatga chiqish
chishdi,shishdi
chishshi atdim,siyib qoʻydim
chitlosh,chigit ajratish
chitmak,kamon
chitnamoq,chertmoq
chitoyi,nozik tabiat
chivin,pashsha
chiviq,choʻp
chiya,olcha
chiya,gilos
chiyin,kurmak
chiyit,chigit
chiyon,yomgʻir chuvalchangi
chizim,chilvir
chizmalama,chizma
choliqqon,qoʻrqqan
cholov,palov turi
cholvur,shim
chongoloq,qurigan koʻsak
chopishtirish,aralashtirish
choqqi,pakki
chor,durang
chorqot,roʻmol
chors,oʻjar
chorvoyi,janjalkash
chosh-posh,sochib tashlangan
choshma,valdirama
chotloq,darz ketgan
choton,oyoq orasi
choy,qirgʻiy
choʻkar,agʻdar
choʻkish,bolgʻa
choʻkitka,chigirtka
choʻlontoy,epsiz
choʻlpi,suzgich
choʻm,mashʼala
choʻmmiq,akashak
choʻngqir,chuqur
choʻntiq,besoʻnaqay
choʻp-chor,chiqindi
choʻpla,terib ol
choʻppilomo,shovqin qilma
choʻqmoq,tayoq
choʻqqoymo,gerdayma
choʻv,chop
choʻv,yor
choʻvgʻon,tutning xomi
choʻvit,eski paxta
chuklik,sumak
chullik,chillak
chumirib sugʻor,bostirib sugʻor
chummoq,shoʻngʻimoq
chungul,koʻlning chuquri
chuqoloq,chuqurcha
churik,buzilgan
churtik,mayda
chush pasa,pastga tush
chuta,sugʻorilmagan yer
chuvon,chipqon
dak yuri,tinch yuri
dak yuri,janjal qilma
dalingan,jinni
daliz,dahliz
dalladim,terladim
dallatdi,charchatdi
daltak,choʻqmor
dam ol,nafas ol
damir yoʻl,temir yoʻl
damratki,temiratki
dana,don
dana,urugʻ
dandirab getdi,tentirab ketdi
danjik,tartibsiz bola
dap,tep
dapa,tepalik
dapa,tepa
darak,terak
darakli,tegishli
darpanish,qimirlash
darra,qamchi
dars,mol goʻngi
daryo,doira
daryokash,doirachi
dasmoya,asbob-uskunalar
dastur,odat
davarak,tevarak boʻlib oʻtirish
davat,siyohdon
dayov,barzangi
desh-davarak,chor-atrof
deshon,tashqari
deyib getdi,tegib ketdi
deyishma,hazil
deyma,tegma
didi yoʻq,didsiz
didina mos,koʻngliga mos
digirjak,gʻildirak
digʻiriq,tor koʻcha
dik,tik
diladim,tiladim
dilay,tilak
dilik,qovun tilimi
dilkor,suvoqchi
dillashmak,kelishmoq
dilmoch,tarjimon
dilovor,gapga chechan
dim,juda
dim sara,juda yaxshi
dimiqdim,havo yetishmadi
din,jim boʻl
ding,ustun
dingan,ahmoq
dingan,tingan
dingngisiz,tinimsiz
diniq,tiniq
dinor,tanga
diq,bekit
dirab qoʻy,tirab qoʻy
diram,pul
dirdin,ozgina
diri,tirik
dirnoq,poydevor
dish,tish
dish choʻp,tishkovlagich
dishak,tishsiz
disliq,kir
diya,tuya
diyma,tugma
diz,tizza
dobbi,semiz
dodimoq,yetarli boʻlmoq
dodlama,baqirma
dodlama,sasingni oʻchir
dodov,oyoqqa turish
dogʻi,va boshqa
dogʻla,yogʻni qizdir
dolon,zal
doloshmoq,talashmoq
domar,tomir
domchi,tomchi
domchilab suvorish,tomchilab sugʻorish
domoq,ovqat
domoq yogʻi,ochofat
domoqsoʻv,koʻp yeydigan
domor,tomir
donilgʻan odam,dongdor odam
donilgʻon,obroʻli
donilgʻon,etiborli
donish,tanish odam
donish,tanishib ol
donishim,tanishim
doqmo,taqmoq
dori,tariq
dorimoq,koʻrinish bermoq
dorongʻi,toʻrongʻil
dosh-damir,juda qattiq
dosmol,qozon sochiq
dosmol,laganbardor
dotmoq,tatib koʻrmoq
doygʻoq,sirpanchiq
doyi,togʻa
doyib getdi,sirpanib ketdi
doyinjoq,sirpanchiq
doymoq,qaytmoq
doʻddi,fahmsiz
doʻdoq,lab
doʻgʻdi,koʻzi yoridi
doʻgʻgʻanim,qadrdonim
doʻgʻma,birinchi oʻgʻil
doʻgʻra,toʻgʻra
doʻgʻri,toʻgʻri
doʻgʻromo,maydalangan goʻsht
doʻk,toʻk
doʻla,chayla
doʻldirib quy,toʻlatib quy
doʻli,kichkina idish
doʻlishmoq,semira boshlamoq
doʻmboʻyin,ishyoqmas
doʻn,toʻn
doʻnak,beqaror odam
doʻngdim,sovuq qotdim
doʻngiz,choʻchqa
doʻngmoq,sovuq qotmoq
doʻnmas,baquvvat
doʻqima,toʻqima gap
doʻqima gap,oʻylab topilgan gap
doʻsh,koʻkrak
doʻsha,yoz
doʻshak,toʻshak
doʻshalavarma,oʻzingni past qilma
doʻshalmak,yalinmoq
doʻshama,poyondoz
doʻshay,gilam
doʻshik,teshik
doʻv,dev
doʻvcha,xom oʻrik
doʻvish,maydalash
doʻxtir,doktor
dubulgʻa,temir qalpoq
dud,tutun
dudut,mashina
dukort,qaychi
dul,beva
dum oʻtishtirding,oshirib yubording
dumon,tutun
dunuk,darcha
dur,toʻxta
durdivoy,turdiboy
durishta,mol emi
durma berda,bu yerda turma
durmoq,toʻxtamoq
durtib yuvar,turtib qoʻy
durtki,turtki
durvadik,gaplashib turdik
dush,tomon
dush tomona,xohlagan tomonga
dushgaldi,uchrashib qoldi
duvak,beshik tuvagi
duvalang,kuchli shamol
duvoq,qozon qopqogʻi
duy,bogʻla
duyilmak,tiqilib qolmoq
duyinjik,tugun
duyma,tugma
duymoq,sezmoq
duynak,xom qovun
duyun,turtib chiqqan joy
duz,tuz
duzi kamis,tuzi kam
duzik,yaxshi
echkamar,echkemar
ejashmoq,hazillashmoq
elanmak,yalinmoq
elot,mahalla
elvirash,hilpirash
endar,agʻdar
enga,kelinoyi
enmak,ogʻmoq
er qiri,juda koʻp
er qiri,moʻl
er tuti,qulupnay
erilma,erkalanma
eron,ayron
eshak ori,qovogʻari
eshik,tashqari
eshkan,toshma
eshmak,eshkak
et,goʻsht
et,bajar
etar-etmas,kambagʻal
etyoji,mabodo
evon,ayvon
eya,ega
eyalik,egalik
eyin,egni
eyinbosh,kiyim-kechak
eyip,ayb
eylamak,kechiktirmoq
eylanmak,kech qolmoq
eylanmak,kechikmoq
ezda,kuyov
ezda,pochcha
ga,kel
gal,kel
galavar,kelaver
galay-galay,kel-kelaqol
galdim,keldim
galin,kelin
galincha,kelguncha
galishmoq,kelishmoq
galma,kelma
galmiman,kelmayman
galsam,kelsam
gama,kema
gamshik,tishsiz
gamtik,kemtik
gapchi,gap tashuvchi
gapni kamit,gapni qisqa qil
gapni kas,jim boʻl
gapni kas,toʻxta
gapni kas,gapirma
garak,kerak
garakmas,kerakmas
garaksiz,keraksiz
gashir,sabzi
gavadi,kelgan edi
gavar,gavhar
gazzik,navbat
gech boʻldi,kech boʻldi
gech qoldim,kech qoldim
gech qoldim,kechikdim
gechi,echki
gechmak,suvdan oʻtmoq
gejak,jingalak
get,ket
getjak,ketmoqchi
girmola,suvoq asbobi
girmola,silliqlash asbobi
giyim,kiyim
giyla,gina
gizla,yashir
gizlamak,bekitmoq
gizlamak,yashirmoq
gizlan,yashirin
gizlanmajak,bekinmachoq
gooda,gohida
goʻk,koʻk
goʻmib tasha,koʻmib tashla
goʻnchi,teri ishlovchi
goʻr,mozor
goʻr,koʻr
goʻrdiksiz,ochkoʻz
goʻrpa,koʻrpa
goʻshanga,chimildiq
goʻyanda,ashulachi
goʻydirgi,azob beruvchi
goʻyik,kuygan non qismi
goʻz,koʻz
goʻz dikmak,hasad qilmoq
goʻzikmasin,koʻz tegmasin
goʻzzim,koʻzim
guburdi,shovqin-suron
guch,kuch
guduk,ahmoq
gujum,daraxt
guldirmomo,momoqaldiroq
gullikchi,mardikor
gulobi,qovun navi
gunda,har kun
guning qursin,hayoting qursin
gunorta,peshin
gunoyim,aybim
gup atib yiqildi,tikkasiga yiqildi
guppi,fufayka
guppi,toʻn
guring,suhbat
gurung,suhbat
guvva,shiddat bilan
guyav,kuyov
guzak,kuz oyi
gʻadir-gʻudir,notekis
gʻalat,yolgʻon
gʻaliz,bemaza
gʻijirdi,gʻijir ovoz
gʻilchiq,yopishqoq loy
gʻirch-gʻirch,gʻirchillagan ovoz
gʻirch-parch,koʻp
gʻirch-parch,toʻla
gʻirchillama,gʻirchillab ovoz beradigan
gʻojir-gʻujir,tez
gʻojirdama,yaxshi pishgan
gʻojirdama,baquvvat
gʻoli,gilam
gʻoliz,bemaza
gʻollo-gʻosh,ovorachilik
gʻolting,oʻnqir-choʻnqir
gʻolvir,teshik-teshik
gʻor,fohisha
gʻor-gʻoro,tomoq chayish
gʻoroz,gʻaraz
gʻorozgoʻy,kek saqlaydigan
gʻorso,tez
gʻorso,darhol
gʻosur-gʻusur,darrov
gʻovush,joʻxori poyasi
gʻoyir,oʻjar
gʻoʻch yigit,abjir
gʻoʻch yigit,baquvvat
gʻoʻdoloq,semiz
gʻoʻdoloq,pakana
gʻoʻli,gilam
gʻoʻr,xom
gʻoʻv,yaxshi
gʻoʻz,yongʻoq
gʻurpa,semiz oʻt
haji uji,nomsiz barmoq
hajja,ganch
hakka-jukka,yosh bolalar
halol,toza yutish
halpa,qoʻshiqchi
hammol,xizmatchi
hanggi,xotinboz
hardamxiyol,xayolparast
harrot,duradgor
haz,mazza
hazatmak,mazza qilmoq
hiqilloviq,hiqichoq
holqo,sirgʻa
hondak,quduq
horidim,charchadim
horvuz,tarvuz
hoso,hassa
hovo,ha
hovondor,gʻamxoʻr
hovor,xabar
hoʻpirdi,maqtanchoq
hoʻppaygan,shishgan
hoʻppish tovuq,qurka
hoʻsh,xayr
hoʻshroʻy,chiroyli
hoʻviz,hovuz
hurkak,qoʻrqoq
hormo, horma
ibi,hov
ibiyay,hov-hov
ich,qorin
ich goʻynak,yotishdagi kuylak
ich qismoq,zerikmoq
ichon,ichkari
ichon,ichki
ichon qala,ichkari qala
ida,jiyda
idagul,jiyda guli
idilli,risoladagidek
ijjon,qiyma
il,qulfla
ildir,ilib qoʻy
ilgak,kiyim osgich
ilgak,veshalka
ilgak,ilmak
ilik,qulflangan
ilik,yopiq
ilimoq,yon bosmoq
illat,ofat
imsim,bildirmasdan
ina,mana
ina,igna
indi,endi
ini,ogʻa ini
injitma,hafa qilma
inna,nina
inna,igna
ino,mana
inobi,manabu
inon,ishon
inonchli,ishonchli
intiqmoq,intizor boʻlmoq
iqqilldoviq,hiqichoq
irgʻanavarma,qimirlayverma
iring,yiring
irkilibman,sal uyquga ketibman
ish maktabi,mehnat maktabi
ishqir,ishton bogʻi
ishtay,ishtaha
ishu,mana shu
ishundat,mana shunday qil
ishvalak,xushtak
isirgʻa,sirgʻa
isitma,kasal turi
iski pasod,toʻs-toʻpolon
isop,qoyil qolmoq
ispiqilont,chayqovchi
isqirt,ziqna
istamak,xohlamoq
istamak,sogʻinmoq
istisqo,injiq
istisqo,nozik odam
isvant,isiriq
itarib yubor,italab yuvar
itchivin,boʻka
itdirsak,govmichcha
itdirsak,chipqon
itizgʻa,yaramas odam
itogʻiz,yomon gapiradigan odam
itoshiqidin,juda oriq odam
iva,hoʻl
iya,ega
iyi tutdi,toʻlgʻoq tutdi
iyq,suv oqimi
iyri,yirik
iyri,yoʻgʻon
izgʻor,xoʻl
izgʻor,namlangan
jammob,ipak toʻquvchi
janazak,jonsiz
janazak bola,quvvatsiz bola
jangli,varrak
jayxun,amudaryo
jez,mis
jibiq,koʻzi kasal
jigildak,jiyda
jigʻ atdi,yoqtirib qoldi
jigʻa,bezak
jik,yashirinib koʻrinish berish
jil,yupqa xamir
jilam-jilam,yirtiq
jilli,jinni
jiloshi,xamir ovqat
jimsi,ezma
jing-jing,past ovoz
jinnaqdin,ozgina
jinqirama,bezovta boʻlma
jiq,uskuna
jiqqa,xoʻl
jir,mojoro
jirchi,janjalkash
jirpildomoq,erkalanmoq
jirqi,gʻirchillash
jirviq,odobsiz
jizziq,jizza
jolli,yaxshi
jom,kosa
joni soʻvil,bardoshli
jonimni yoqmo,achchigʻimni chiqarma
joniqmoq,shoshilmoq
jonli,zoʻr
jonsiz,zaif
jonuzoqi,kasalmand
joy sol,yotadigan joy tayyorla
joʻgi,loʻli
joʻnqi,maqtanchoq
joʻqqi,maqtanchoq
joʻro,doʻst
joʻrop,paypoq
joʻrrop,paypoq
joʻsh,mehmon qil
joʻshmachi,qoʻli ochiq
joʻshmachi,sahiy
joʻvirta,atayin
jubba,bolalar koʻylagi
jugur,uchli tosh
jumyoz,jumaniyoz
jundik,bolalar labi
jupla,bopla
jupladim,bopladim
juplamak,chuv tushirmoq
jurra,oʻsmay qolgan odam
jurrik,pishmagan qovun
jurshik,juda mayda
jurtik,juda mayda
juvoyi,jufti
juyan,oq joʻhori
kabza,kurak suyagi
kadi,qovoq
kaj,oʻjar
kalak,choʻntiq
kalaki,shoxsiz qoʻchqor
kalantar,maslahatchi
kalantar,yetakchi
kalavarang,fikri tarqoq odam
kalchik,tili chuchuk
kalla boshoyoq,kalla-pocha
kallaqand,oq qand
kallasiz,miyasiz
kaltikalos,kaltakesak
kamis,kami bor ish
kamzul,kostyum
kangshirik,halqum
kant,qishloq markazi
kapak,un kepagi
kapdi,quridi
kapkir,kapgir
karsan,yogʻoch tovoq
karvuch,gʻisht
kas,gapni toʻxtat
kasa,koʻndalang
kashshof,pioner
kasik,kesilgan
kasma,kesma
kat,shaharcha
kat,qoʻrgʻon
kat,karavot
katman,ketmon
katxudo,obroʻli inson
katyon,tikanli oʻt
kayvoni,oqila ayol
kayvoni,obroʻli ayol
keyni,oxiri
kichchi,kichik
kichchi,kichkina
kilit,kalit
kin saqlamaq,gina saqlamoq
kipr,darvozabon
kirish,qovun tilimi
kirpi,tipratikon
kirpi,tipratikan
kirpik,kiprik
kisa,choʻntak
kishmish,mayiz
kltirik,ozgin
kon,koʻp
kosa,piyola
koʻlcha,kichik maydoncha
koʻlik,ulov
koʻpchin,toʻshama
koʻpir,koʻprik
koʻrak,gʻoʻza koʻsagi
koʻrik,havo puflagich
koʻs,qiyshiq
koʻshayana,goʻshangga
koʻvdi,quridi
koʻvish,elim kalish
koʻvlamoq,kovlamoq
koʻvsan,hadya ulush
kulanggi,urushqoq xoʻroz
kulta,bogʻlam
kuma,er-toʻla
kunda,omoch
kuramoq,qazimoq
kurmasichon,kalamush
kurra,xoʻtik
kurta,bolalar koʻylagi
kurvit,gugurt
lablabi,lavlagi
lakki,kichik tovoqcha
lali,patnis
langar,muvozanat xodasi
langngi,lanka
lapa,konvert
lappas,tepsa tebranmas
lavant,dangasa
lavant,landovur
lavop kosa,kosa
laylak,tuturiqsiz odam
lechak,uzun roʻmol
likuv,likopcha
lol boʻl,ogʻzingni yum
lop urmo,yolgʻon gapirma
loplob yonadi,gurlab yonadi
loplomo,toʻq qizil
loqirdomo,tinch oʻtir
loqqa,ochkoʻz
loqqi,mahmadona
lovya,loviya
loʻbbon,yirik gavdali
loʻngngir,semiz
loʻnj,lab
loʻppi,semiz
loʻqqi,yirik
loʻtra,choʻkma
loʻzina,milliy shirinlik
luk,palagʻda tuxum
lukcha,yaxlit
lunggi,sochiq
luqma,ovqat
madrap,hojatxona
mama,koʻkrak
mamla,muomala
manglay,peshona
manglayi qora,manglayi shoʻr
manjashmak,janjallashmoq
manjashmak,bahslashmoq
manot,pul birligi
mashinchi,tikuvchi
maska,uzum navi
massi,maxsi
massi koʻvish,maxsi kalish
mattal boʻlish,muhtoj boʻlish
mazi,bekorga
mazzapsiz,irodasiz
mechit,masjid
mehtar,qoʻriqchi
mejana,oʻrik danagi
meyin,miya
meymon,mehmon
mijana,danak
mijji,maydachi
mijji,harsaxat
milgʻayib tushdi,shalpayib tushdi
minjik,munchoq
mirgʻa,mayssa
mishmoq,gʻirromlik qilmoq
mita,kana
mita,xasis
miylang,boshi garang
mogʻoldoq otmoq,oʻmboloq oshmoq
mogʻzovo,ezma
mojik,kichik jonivor
molgʻom,balgʻam
monloyi qoro,baxtiqaro
morqo,oppoq
moshkichili,moshxoʻrda
mosliq,iflos
motoq,matyoqub
motsekil,mototsikl
movot,hasham
movotchi,hashamga oʻch
moyip,nogiron
mozorbosti,sovgʻa
moʻchchi,chiroyli
moʻjak,oʻrgimchak
moʻlat,muhlat
moʻmisoz,ish quroli
moʻncha,hammom
moʻt,baxna
mrat,manzirat
mujmal javob,noaniq javob
mundin,bunday
mung,qaygʻu
munkib,aldash
mush,burchak
mut,tekin
mut,bepul
muttik,kurtak
nal,nihol
nalcha,koʻchat
nallash,koʻchat oʻtqazish
nax toʻlov,naqd toʻlov
nazallab ot,nishonga olib ot
nazarlamak,nishonga olmoq
nera,qayerga
nichik,qalay
nichik,qanday
nichiksiz, qandaysiz
nichiksan, qandaysan
nigirik devor,sinch devor
nimkolo,toʻkis emas
nishatin,nima qilay
nochor,yolgʻiz
novvi,nima
nox,ip
nozvoy,rayhon
noʻmay,moʻmay
noʻsh piyoz,koʻk piyoz
noʻxarak,suvarak
noʻxta,yugan
obket,olib ket
ocha,tirgak
ochuv,qasos
od,ism
odogʻli,unashtirilgan
ogʻa,aka
ogʻabey,ziyofatboshi
ogʻaya,ogʻayni
ogʻizlamoq,eslamoq
ogʻizli,tili oʻtkir
ogʻmoq,oʻzgarmoq
ogʻromi yoʻq,ogʻir emas
ogʻzibirchilik,ahillik
ogʻzolachilik,kelishmovchilik
ohd,qasam
ojji,achchiq
olapoʻta,oʻt
olchoq,uddaburon
olgʻir,uddaburon
oli,olxoʻri
olis,uzoq
olmurut,nok
olongliq,kichik toqayzor
oloxomma,qovun navi
ondimoq,kuzatmoq
ongirqi,narigi
ongqildoq,anqov
ongshirmoq,fahmlamoq
ongsot,oson
opa,ona
opabiyi,opa
opchiq,olib chiq
opo,ona
oppor,olib bor
oq soʻvit,oq tol
oqar suv,daryo suvi
oqliq,qatiq
oqlovon,aql oʻrgatuvchi
oqqin,tez oqar suv
oqriq,okrug
oqyogʻ,paxta yogʻi
orjo,sandiq
orno,kanal
oroq sovun,atirsovun
orqa,elka
orqayin,xotirjam
orqi dunyo,oxirat
orslon,arslon
ort,yukla
orva,arava
orzoqli,ardoqli
oshir,koʻpaytir
oshoq,past
osi,gunohkor
osil,asil
osiq,osigʻliq
oston,sekin
ostonroq,sekinroq
ostordesh,yupqa chopon
ot,tobut
otash,olov
otil,atir
otiz,dala
otlamoq,xatlamoq
otlos,atlas
otogʻiz,ombur
otov,orol
ova,ha
ovich,suqum
oxorli,yangi
oxshom,kecha
oxsirmoq,aksirmoq
oxtixona,molxona
oybolta,bolta
oydin,yaxshi
oydin,koʻl
oyildi,oʻziga keldi
oyiq,hushyor
oymoq,adabini bermoq
oynonin,oʻrgilay
oyo,kaft
oyolvant,koʻp bolali
oyoq,quyi oqim
oyri,shoxsimon yogʻoch
oyri,boshqa
oyrit,chorraha
oyro,ayriliq
oz,oriqla
oziqdi,yiringladi
ozonqi,ertalabki
ozor,azob
oʻchirik,oʻchirgich
oʻchirit,navbat
oʻdin,oʻtin
oʻjak,buzoq
oʻjoq,oʻchoq
oʻkcha,tovon
oʻksindi,xafa boʻldi
oʻksirik,yoʻtal
oʻksirmak,yoʻtalmoq
oʻlimsik,ziqna
oʻlimtik,nimjon
oʻliyuvgʻichi,gʻassol
oʻltang,sugʻorilmagan yer
oʻlyo,qabriston
oʻma-toʻma,butunlay
oʻmcha,qattiq oʻtin
oʻngordi,bajardi
oʻp,boʻsa ol
oʻql uraman,ukol qilaman
oʻra,ustun
oʻrmak,gʻisht terish
oʻroq,oʻrim
oʻrpong,qumloq
oʻrta darak,oʻrta barmoq
oʻrtik,yopinchiq
oʻrtoq,oʻqituvchi
oʻsin,soʻngra
oʻsmoq,tozalamoq
oʻt,oʻtgin
oʻt-yuk,dazmol
oʻtirishma,gap
oʻtlashdi,zoʻraydi
oʻtogʻ,tozalash
oʻva boramiz,ovga boramiz
oʻvich,hovuch
oʻvilgan,maydalangan
oʻvishdi,uyushdi
oʻy,uy
oʻydaloq,chuqurcha
oʻyilon,zaharsiz ilon
oʻymoq,angishvona
oʻzak domor,tomir
palanch,bogʻlam
paltik,chuchuk
panis,fonus
papa,chaqaloq
paqirdi,qaynash
parchik,shishmagan
patik,shift
paxir,nochor
pechak oʻt,yovoyi oʻt
perak,dumba
pesh,etak
pesh qildi,koʻrsatdi
peshalab,titkilab
peshalama,chosh-posh qilma
peshkir,fartuk
peshsha,chivin
pilik,pilta
pilis,mogʻor
pishik,aqlli
pishik,mugʻombir
pishik,mushuk
pishti,qoʻshmachi
pista,eryongʻoq
pitta,biroz
pitta,ozgina
piyonjiq,piyanista
piyova,yovgʻon shoʻrva
plis,mogʻor
poki,ustara
polmin,folbin
polos,gilam
polpis,kir-chir
polpis,ozodalikka eʼtiborsiz
polvon yop,kanal
popoqchi,telpakchi
poq-poqoloq,jala
poqlomo,paxlava
poqloviq,pufakcha
porsong,uzunlik oʻlchovi
poshsho,podshoh
poshshob,jallod
posirdi,toʻs-toʻpolon
posmonda,madaniyatsiz
pot-pot,traktor
potinka,yarim etik
potloq,katta koʻzli
potrot,chatoq
potti,tartibsiz
potya,duo
poxxa,suvi qochgan
poxxo,poʻkak
poy,ulush
poy,haq
poyapil,koʻprik
poyir,xamirturish
poynak,soyabon
poyopul,piyodalar koʻprigi
poytovo,oʻrovchi mato
poʻlqit,ezilgan meva
poʻm,xafa
poʻrsang yer,zahkash yer
poʻssiq,chalpak
poʻta,roʻmol
poʻxxa,zaif
psmik,zimdan ish qiluvchi
ptroq,tikanli oʻt
pushta,egatsiz oʻstirish
pzloʻviq,vizzillovchi oʻyinchoq
qala,toʻldirmoq
qala,tiqmoq
qayin,mahkam
qayishtir,eg
qidiqi bo,qitigʻi bor
qidiqlomoq,qitiqlamoq
qidirishma,sayohat
qijimoq,kichinmoq
qil dapa,tepalik
qilchiq,baliq suyagi
qildir,begona oʻt
qildiriq,oriq bola
qiliq,odat
qirgʻiz yop,kanal
qiron,qirgʻin
qirtish,tuproq yuzi
qisnoq,daryo torligi
qistonmang,shoshmang
qit,kamyob
qiyomat,oxir zamon
qiytor,gʻilay
qizgʻonch,qizgʻonchiq
qizil qurt,chuvalchang
qochor,gʻunajin
qoling,qalin puli
qollavoch,qaldirgʻoch
qoloq,kichik choʻmich
qongirib tasha,agʻdarib tashla
qonjiq,urgʻochi it
qonor,qop
qopchib ol,tutib ol
qopi,eshik
qopil,jim boʻl
qopoq,koʻz qopogʻi
qopoq,qovoq
qoppoygʻon,shishgan
qopriq,pana joy
qopshirma,goʻmma turi
qoptol,yon taraf
qoq-qoq,qand
qoq-qoq,konfeta
qor atmak,xafa boʻlmoq
qor uchqunladi,qor yogʻa boshladi
qora kasak,yogʻsiz goʻsht
qora poʻchoq,oʻlik pilla
qorauloq,qoraquloq
qoravuloq,dala
qorinja,chumoli
qoriq,egat
qorjong,arazchi
qormo,shovla turi
qormoq,aralashtirmoq
qoromiq,toshma turi
qoromon gujum,daraxt turi
qorotqi,sunʼiy soqchi
qorqi,oshli
qorri,qari
qorri qiz,qovun navi
qosnoq,poynak
qotirmoch,qovurilgan non
qoyim,mos
qoyish,taom turi
qoyiz,poʻstloq
qoz,kovla
qoznoq,omborxona
qozolondi,vafot etdi
qozoqi qoʻy,qoʻy zoti
qozoqi roʻmol,chit roʻmol
qozuv,tozalash
qoʻlliq,qoʻlqop
qoʻngishi,qoʻshni
qoʻnoq,kepak
qoʻqin oshi,ehsan oshi
qoʻqir,kibrli
qoʻqir,manman
qoʻrq tovuq,kurk tovuq
qoʻsh,makon
qoʻsh,juft
qoʻshkoʻpir,qoʻsh koʻprik
qoʻshont,yordam
qoʻshont,qoʻshimcha
qoʻvalamoq,quvlamoq
qoʻviq,poʻstloq
qoʻvirdoq,qovurilgan goʻsht
qoʻviz,sholi poʻstlogʻi
qoʻvlashmajaq,quvlashmachoq
qoʻvliq,beshinchi avlod
qoʻysongo,qoʻysangchi
qoʻzvoq,kepak
qudirgʻon it,quturgan it
qujoqlomoq,quchoqlamoq
qullop,oshiq-moshiq
quloq,ariq boshi
quloqchin,telpak
qulp,qulf
qumpishik,yumronqoziq
qumri,musicha
qundoq,yoʻrgak
qundoqlash,yoʻrgaklash
qur,davra
qurgʻun,badavlat
qurjoq,qoʻgʻirchoq
qurjoqchi,qoʻgʻirchoqboz
qurmish,goʻmma turi
qurmogʻoy,qurmagur
quromish,quroq
qurot,sihatgoh
qursoq,qorin
qurvonlik,qurbonlik
qurvoqqo,qurbaqa
qusuri chiqdi,tinchlandi
qut,jon
qutli boʻlsin,qutlugʻ boʻlsin
quuri,quruq
quvla,qibla
quyi,quduq
quyonjiq,tutqanoq
ragʻvarogʻ,ochiq-sochiq
rapdi,qochdi
raptor,yuz
raptor,bet
rasmchi,suratkash
rengin,rentgen
ribob,rubob
ros,toʻgʻri
rosh,tuproq uyumi
roy,koʻngil
roy,xohish
roʻray,vaqti-vaqti bilan
rujja,koʻk sulton
sadaf,tugma
salgina,ozgina
samtiq,bemaza
sang,toʻlqin
sanggi,sangʻi
sangoroq,danak
sani,seni
sanlama,sensirama
sapala,suv sep
sapkil,sepkil
sarang,zoʻr
sardoʻz,baquvvat ip
sargʻimtir,sargʻish
sarinjoq,argʻimchoq
sarjin,oʻtin taxlami
sarmak,yoyish
sas,ovoz
sat,soat
satari,olifta
sattarosh,sartarosh
sazo,jazo
sazoyi,badargʻa
schon,sichqon
secha,chumchuq
serchali chalak,sirlangan chelak
ses boʻl,ehtiyot boʻl
seys,hushyor
seysxona,otxona
shakasha,koʻza turi
shappik,yopishqoq
sharava,namakob
shayton,iblis
shayton arava,velosiped
shigʻir,arava izi
shikirdak,kekirdak
shilta suv,jiqqa suv
shim,soʻr
shipirmo,aldoqchi
shivirdadi,pichirladi
shommirot,tirbandlik
shomol,shamal
shoppot,shapoloq
shoqqillomo,koʻp gapirma
shorlovuq,sharshara
shqop,shkaf
shullik,zuluk
shundin,shunday
sichra,sakra
sichradi,vafot etdi
sil,yupqa goʻsht
simtik,qurumsoq
singdi,hazm boʻldi
singsila,hosildor
siniqchi,tabib
siplik,chiqindi
sipsa,supurgi
siptirib,sirgʻanib
sirish,elim
sirish,kley
sirishla,kleyla
sirp,tutqich bermas
sirp,mahkam
sitqa,gʻalvir
sixak,maydalagich
sizloq,chipqon
sochoʻsar,oyoq payi
soda,sodda
sogʻot,yaramas
sollonmo,sekin yurish
solmo,kichik ariqcha
solmoq,qurmoq
solpi,lapashang
sop,dasta
soqa,kanal boshi
soqor,oq xolli it
sorhum,stakan
sorichoʻp,zarpechak
sosi,sassiq
sosi,badboʻy
sotil,boltacha
sovildi,tugadi
sovin,sovun
soxona,keraksiz narsa
soyil,gadoy
soz,garmon
soz,akkordeon
sozoq,saksavul
soʻbat,suhbat
soʻk,tariq
soʻlla,gapir
soʻllama,gapirma
soʻm damir,quyma temir
soʻm goʻsh,lahm goʻsht
soʻmsa,somsa
soʻoʻz,choʻz
soʻqishmoq,sovuqqotmoq
soʻsoy,besoʻnaqay
soʻt,soʻkib ber
soʻvgʻa yer,serhosil yer
soʻvit,majnuntol
soʻzilma,tezlash
soʻzish,choʻzish
srish,elim
sudur,koʻrinish
suji,chuchuk
suji jon,shirin jon
sulgi,sochiq
sulgun,qirgʻovul
sullopcha,lagancha
sulloydi,holdan toydi
sumirib ich,toʻyib ich
sumsik,chaqirilmagan mehmon
sungak,suyak
supsa,supurgi
suqanoq,kirishuvchan
sut oshi,shirguruch
suva tushish,choʻmilish
suyish,suril
suzilma,jiddiy boʻl
suzma,palov turi
tajan,uzoq joy
taka,yostiq
takallak,baliqchi qush
takanamat,kigiz
tal,tekis
talatin,charm
tam yoʻq,mazasiz
taman,katta nina
tamancha,ninacha
tamomi,hamma
tandor,sogʻ-salomat
tanga,tiyin
tap,childirma
tappi,semiz
taqirdi,gapga usta
tar,yangi uzilgan
tarnak,ertapishar qovun
tars,teskari
tarsoyoq,qaysar
tarsyoʻnqa,oʻjar
tashkil,ziyofat
tashkil,bazm
tavallo,tavba
tavallo,uzr
taxyo,doʻppi
tazzak,tezak
teyip,tabib
teyxo,doʻppi
teyzamin,oqova quduq
tilgiramxona,telegraf
tilla,oltin pul
timmitdin,tuppa-tuzuk
tirriq,ahlat
tirtim,jim-jit
tishtirnoq,grablya
togʻma,tamgʻa
tomodo,boshqaruvchi
tonqo,qumgʻon
top oʻzi,xuddi oʻzi
toq,taq
tortanak,oʻrgimchak
toshbosma,litografiya
toshkanli,toshkentlik
tosho,tashla
tovoxdosh,sherik
toyloq,yalangʻoch
toza,ozoda
tozabogʻ,yangi bogʻ
toʻlpi,semiz
toʻmat,tuhmat
toʻmazon,qora qoʻngʻiz
toʻpiq,oyoq panjasi
toʻqitqa,suv yoʻli
toʻrali,yaxshi
toʻrsayish,arazlash
toʻrsiq,semiz bola
toʻshshi,chuqurlik
toʻzgʻon,eskirgan
toʻzvoq,toʻzgʻoq
tufak,uzr
tuflik,tupuk
tulak,mugʻombir
tulup,turup
tuncha,choynak
tunka,toʻnka
tunt,soʻlgʻin
turshak,konfet turi
tuta,gʻaltak
tutatki,isiriq
tutliq,tutzor
tuxum,urugʻ
tuy,tuk
uchak,tom
uchor,uchar baliq
uchoyoq,tarozi osgich
uchuq,husnbuzar
ulli,katta
uloqqon,telba
ulyi,andoza
umak,suyak
umma,suv
upildirik,chiqindi
uri,chuqur
urva,un
ushat,maydala
ushitdi,sovuqqotdi
ushoq,mayda
ustar,stol
ustina,ustiga
ut,uz
utik,dazmol
utish,yutish
utish,yulmoq
uxi,uyqu
uy,yigʻ
uyitmoq,achitmoq
uymok,angishvona
uzik,boʻlaklangan
uzin,uzun
uzman,taom turi
uzotish,kuzatish
uzoy,naynov
vaj,narsa
vaj,buyum
valatizino,otasi nomaʼlum
vi,u
vogʻlomo,moʻl-koʻlchilik
vogʻlomo shoʻrva,piyozli shoʻrva
vojjillama,ezmalama
vono-bono,u yoq bu yoqqa
voqqilloma,ovozingni oʻchir
voqqilloma,gapiraverma
vorsoqi gap,bekorchi gap
vorsoqi gap,boʻlmagʻur gap
vos-vos,ezma
voxtinda galmading,vaqtida kelmading
voxtixoʻsh,hursand
vozziq,qalin yostiq
vozziq,yumshoq yostiq
xaris,koreys
xilxa,eski kiyim
xiyli,mugʻombir
xodiim,aytuvchi ayol
xolasa,xohlasa
xom,teri
xomsemiz,semiz
xorovotiy,qoʻli ochiq
xoroz,tegirmon
xorvuz,tarvuz
xoʻkki,bukri
xoʻshamat,maqtov
xtr,epchil
xumbuzchi,usta
xumorvoz,ishqiboz
xumpak,aqlsiz
xumso,xunasa
xurujli,gʻayratli
xusur olish,oʻch olish
yangoriq,yangiariq
yarim oxshom,tun
yarim oʻddiq,shanba
yaxshi,mayli
yildam,kuchli oqadigan suv
yildirim,chaqmoq
yilgʻin,yulgʻun
yilimji,laganbardor
yilimtiq,bemaza
yilish,suril
yilma,silliq
yilmola,silliqlash asbobi
yilmoviq,tekislangan
yilpish,tilyogʻlama
yilvoʻy,yalpiz
yip,nozik arqoncha
yip boʻl,jim boʻl
yo,yoki
yo vonli yo bonli,u yoqli
yo vonli yo bonli,bu yoqli
yodima sol,eslat
yogʻi,dushman
yogʻirni,yagʻrin
yogʻish,yomgʻir
yogʻmur,yomgʻir
yolmonboy,uddaburon
yolmontaka,ochkoʻz
yoloq,it idishi
yolposhgʻon,ezilgan
yom,chuqurcha
yomgʻur,yomgʻir
yomoq,yamoq
yompiq,qiyshiq
yongaziq,eshik romi
yongoshqadan,qaytadan
yongoshqadan,boshdan
yonqi,boyagi
yop,kanal
yopishtir,ur
yoq,yoʻq
yoqmos,yomon odatli
yoqolosh,janjal
yoqoloshish,urishmoq
yoqti,yorugʻ
yor,kes
yorgʻi,ikki dastali arra
yorogʻ,qurol
yoshardi,yasharib ketdi
yot,begona
yotiring,yotqizing
yotliq,oltinchi avlod
yotoq toʻppi,tungi doʻppi
yovliq,yettinchi avlod
yovloq,dala
yovon,qishloq
yovonli,qishloqi
yozdir,ech
yozgʻit,taqdir
yozmak,yoymoq
yoʻgʻich,joʻva
yoʻl usti,yoʻl-yoʻlakay
yoʻliqtirmoq,uchratmoq
yoʻlliq,safarga beriladigan pul
yoʻlvors,yoʻlbars
yoʻngʻichqa,quruq beda
yoʻnigʻchi,duradgor
yoʻnqa,mayda oʻtin
yoʻrgʻa ot,tekis yuradigan ot
yoʻrinja,beda
yulik,ilik
yumirta barak,tuxumli chuchvara
yumoq,idish
yumuriq,musht
yumurta,tuxum
yurak domor,vena
yuri,yur
yuvarma,yuborma
yuzik,uzuk
yuziqorachilik,tili qisiqlik
yuzum,uzum
zabirdovuq,chaqqon
zabirdovuq,tez yuradigan
zahmat,mehnat
zahmat,azob chekish
zambar,zambil
zamoriq,qoʻziqorin
zang qot,jim tur
zangi,narvon
zaqirdat,tezlat
zaqirdat,chaqqonlashtir
zaqqum,zahar
zaqqum,oʻta achchiq
zar,zahar
zarang,qattiq
zarang,muzdek
zarli ilon,zaharli ilon
zaxak,mugʻombir
zekash,ariq
zeysuv,er osti suvi
zigirik,mol dumgʻazasi
zihna,ziqna
zil,ogʻir
zing,uloqtir
zingillamoq,xirgoyi qilmoq
zinglovuq,sariq rangli ari
zingngit,uloqtir
zipla,koʻrinmay qoch
ziptirim,yopishqoq modda
zir-zir,ich ketishi
zirriq,najas
zirriq,mol chiqindisi
zirtiq,vazelin
zogʻora,bulka-non
zomcha,handalak
zomoriq,qoʻziqorin
zondi,avlodi
zort,el chiqishi
zovolo,zuvala
zoʻqoq,baland boʻyli
zoʻrriq,uzunchoq piyoz
zumakon,zimiston
zumakon,qorongʻi joy
abajon,voydod
abgor,kambagʻal
adan,poygah
adi,edi
adik,etik
adiyol,koʻrpa
ajab, xo'b, mayli
aji-buji, g'alati, bachkana, ajablik
ajina, jin, sharpa, 
ajiz, zaif, nimjon, nozik
ak, ohak
aka, dada, ota
akan, ekan

akin,ekin
akizak,egizak
akish,ekish
akkal,olib kel
akkelmoq,olib kel keltir
akmoq,ekmoq

aksina,teskarisiga
akslik,qaysarlik
al,qo'l
alamoq,elamoq
alak,elak
alam,dard-u alam

alam II,bayroq
alashtirmoq,aybga buyurmoq
alangga,guruch turi
aldi,old tomoni
aldikcha,biror-bir yumush qilishda kiyiladigan maxsus kiyim
aldin,oldin

aldingisi,avvalgisi
alimin,alyuminiy
alip,arab alifbosidagi birinchi harf
alipbe,alifbo
allag'alay,yaxshi ajoyib o'zgacha
alli,ellik

almisoq,qadimgi juda eski
alpatak,mehmondo'st
am I,davo shifo muolaja
am II,sut emmoq
amal,ish yumush
amalparas,mansabni yaxshi ko'radigan odam

amdolli,Hamd Alloh
amdarman,ovora sargardon
amizmoq,emizmoq
amjak,emchak
ana I,buvi
ana II,qiz yoki yosh kelinlarga nisbatan ishlatilgan undov so'z

anaka,enaga doya
anaqo'y,qizlarni erkalash uchun so'z
anaoyi,anoyi sodda
anaxotin,onaxotin kayvoni
andiratma,zinapoya
andiratmoq,shoshirmoq
andik,jirkanish tisarilish

anjir shoptoli,shaftoli turi
annap,chilon jiyda
antipris,antifriz
anuv,anavi olmosh so'z
anyaqo,u yoqqa

anzurt,noyob nodir
ap,ep bajarish ko'nikma
apandi,afandi
apashlamoq,ehtiyot qilmoq avaylamoq
apiris,o'z manfaati uchun aldab yuruvchi odam
apka,opa

apkaldi,olib keldi
akkaldi,olib keldi
apkildi,olib keldi
apkin,shabada shamol
aplama,naridan-beri tartibsiz
aplamoq,eplamoq uddalab bajarish
apli,epli layoqatli
appar,olib ber
appiyi,opa-singillar

appermak,olib bermoq
apsiz,episiz noshud lapashang
apt,aft yuz ko'rinishi
aptado,eski-tuski yomon pachava
ar I,er turmush o'rtoq
ar II,erta tong sahar


arapcha,arabcha
aravlivarma,tentirama kezmoq
aravak,avarak
arganak,himoya ustunlari
aryanak,himoya ustunlari
ari,ayiruv-chegaralov yuklamasi
ori,ayiruv-chegaralov yuklamasi
arimak I,eridi yumshamoq

arimak II,dard alam arishi
orimoq,dard alam arishi
arik,o'rik daraxt
arinmak,erinchoq xafsalasiz
erinmoq,erinchoq xafsalasiz
arinjak,erinchoq ishyoqmas
arkak,erkak
arkakgashir,erkakshoda
arkakshoda,erkakshoda

artang,ertang ertaga
arzimoq,arzimaydi kundalik undov so'z
asa,esa bog'lovchisi
asabbizar,kimningdir haddan ortiq asabiga tegmoq
asamat,Bog'ot tumanidagi qishloq nomi
asana,nega nimaga so'roq olmoshi

asvak,suvni yig'ib dalalarga yuboradigan joy
atak,etak
atmak,qilmoq
avarak,buloqi
avashi,ko'rinishi yoqimsiz
ay,hey
ayar,agar
aylanmak,aylanmoq

ayqash-uyqash,alg'ov-dalg'ov
ayron,ayron
ayri-buyri,egri-bugri
ayyam,allaqachon
azik,ezilgan

azma,ezma
azmalamoq,ezmalamoq
ashak,eshak
ashqol-dashqol,alg'ov-dalg'ov
ashunchakki,shunaqa
ashshadaroz,haddan tashqari novcha
achuv,achchi

angak,iyak
angsa,orqa miya joylashgan qism
obodoʻq,sochga taqiladigan ziynat buyumi
objoʻsh,kishmish turi
od,ot
odogʻli,obroʻli obroʻga ega boʻlgan
odogʻlomoq,unashtirmoq
odom,odam
odoq-odoq,goʻdakni yurishga oʻrgatish
odosh,adash
odoshmoq,adashmoq
odim,qadam
odimlomoq,yura boshlamoq
odiqqon,shuhrat qozongan
oji,achchiq
ojjiburch,achchiq qalampir
ojji-suji,achchiq-chuchuk
ojimsi,achimsiq
ojiqo,yoz paytida qish uchun gʻamlab pishiriladigan achchiq taom
ojiriq,boshoqdoshlarga mansub koʻp yillik serildiz yovvoyi achchiq oʻt
olo,oq-qora
olo,tekis boʻImagan
oloboʻji,afsonaviy qoʻrqinchli maxluqot
olopo'to,o'simlik turi
oloytirmoq,olaytirmoq
olong,bekor yotgan yer
oldomo,aldama
oldom-qoldom,yolg'on gapiruvchi inson
oldoqchi,yolg'onchi
olishtiriq,olovni yoqib yuborish uchun mo'ljallangan bir bo'lak narsa
olishtiroq,olovni yoqib yuborish uchun mo'ljallangan bir bo'lak narsa
olishtirmoq,olishtirmoq – biror kishiga yoki jamoaga oʻrganishib ketmoq
olmurut,nokning bir turi
olpadim,olgan edim
oltoxto,eshak aravaning old qismi
omonliq,tinchlik-totuvlik
omoso,omon-sogʻ
omosogʻ,eson-omon
onqov,esi past
onqilbens,hamma narsa aralash-quralash tarzda qilingan taom
ont,qasam
ontenno,sim
ontiqo,gʻalati
opaya,opa-singil
opo,oyi
opobiyi,katta opa
opoq,tuzuk
opil-topil,shoshilinch
optiromoq,gangib qolmoq
opchin,kiyim-kechak
oqorsuv,suvning toza boʻlib oqib turadigan joyi
oqboliq,oqbaliq
oqilavar,aql oʻrgatadigan kishilarga nisbatan ishlatiladi
oqliq,oqliq
oqnovot,yozgi qovun navi
oqqolmoq,olib qolmoq
orolomoq,ikki janjalkashni ajratib qoʻymoq
oroqsovun,atir sovun
oroyish,shevada osoyishtalik ma’nosida ishlatiladi
ordoqlomoq,ardoqlamoq
ordoqli,ardoqli
ori,ari
orno,katta ariq
orqo,gavdaning qoringa nisbatan ters tomoni
orqoli,tayanchli
orqoyin,shoshmaydigan
orqoshmoq,orqasiga mindirib koʻtarmoq
oqoshoklomoq,orqasiga mindirib koʻtarmoq
orqindi,kirsovunning qoldig‘i
orrig‘,ozg‘in
orriq,ozg‘in
ort,tozala ma‘nosida
ortiqmoch,ortiq
ortinmoq,tozalanmoq
ortishtirmoq,tejamoq
osil,eng yaxshi
osiq,osig‘liq
osmoduziy,ayollarning peshona
osmoloq,xafa bo‘lganda ishlatiluvchi so‘z
osmoq,ovqatgaunnamoq
osmosho‘rvo,ko‘p vaqt davomida go‘shting suyak qismi ajratib olib
oston,sekin
ostonchi,sekin harakat qiluvchi inson
ostor,mato turi
ostordesh,yupqa chopon
otoliq,otaliq
otomogayan,salbiy maʿno ifodalovchi soʿz
otonoqlomoq,kichkina bolaning yurishga harakat qilishi
otonmoq,shuhrat qozonmoq
otoqorvo,bolani tezroq yurishga oʻrgatadigan anjom
otogʻiz,ombur
otbozor,tartibsiz holatdagi joy. Koʻchma ma’noda qoʻllangan
otil,atir
otiz,ekin maydoni
otashkil,cho‘g‘ kovlaydigan belkurak
otlomoq,hatlamoq
otlomojoq,bolalar uchun mo‘ljallangan sakrab o‘ynaydigan o‘yin
otlontirmoq,kimnidir biror-bir joyga kuzatib qo‘ymoq
otliqmoq,hovliqmoq
av,ov
ov,iye
hov,iye
ogʻ,ogʻmoq. biror tarafga ogʻmoq. tarafkashlik
ovo,ova – ha
ovongord,guruch turi
ovot,obod
ovildiriq,uvildiriq
ovindin,ana unaqa
ovinnin,shunaqa
oviz,og‘iz suti
ovizlomoq,og‘izlamaq
ovich,hovuch
ovuch,hovuch
ovichlomoq,hovuchlamoq
ovloq,chekka
ovrimoq,ogʻrimoq
ovruv,ogʻriq
ovsor,tuya noʻxtasiga bogʻlangan temir
ovsin,ovsin
ovul,ovul
ovzochiq,sirsqalamaydigan odam
ovzibirchilik,hamjihatlik
ovushmoq,achishmoq
oxtoxono,molxona
oxtiq,nabira
oy,osmondagi oy
oyo,kaft. qoʻining bilak uchidan barmoqlargacha boʻlgan qoʻining bir qismi
oyolvant,ayalmant – koʻp bolali
oyomoʻjiz,qishning oxirgi kunlari
oyoq,oyoq
xorazmcha,oʻzbekcha
oyoqyolong,oyoq kiyimsiz
oyoqloshmoq,mol soʻyish
oyoz,ayoq
oyozlomoq,kasallanmoq
oydoy,tuzuk
oydin,yaxshi
oyiq,ayiq
oyirmoq,yormoq
oylonishmo,sayr
oylonjiq,soch aylanasi
oylonmo,aylana yoʻl
oyliq,maosh
oyno,koʻzgu
oynonin,erkalash soʻzi
oynojoy,deraza oldi
oynoq-minyoq,uyoq-buyoq
oynogʻi,nari tarafi
oyner-miner,u yer-bu yer
oyni,ayni
oyniqso,ayniqsa
oyri,alohida
oyro,alohida
oytimchiliq,nazmiy janr
oytmoq,aytmoq
oytuvli,unashtirilgan
oyvon,ayvon
ozondo,ertalab
oziqmoq,yalligʻlanmoq
ozmoq,oriqlamoq
ozuv,oziq tish
ozgʻin,oriq
ozgʻino,ozgina
ogʻo,aka
ogʻolomoq,aka deyish
ogʻonomoq,agʻanamoq
ogʻoya,ini
ogʻoynichiliq,doʻstlik
ogʻoch,yogʻoch
ogʻdormoq,yotqizmoq
ogʻizlamoq,eslamoq
oshirmoq,orttirib
oshkadi,oshqovoq
oshqillomoq,gʻururlanmoq
oshqinlomoq,haddidan oshmoq
oshxono,oshxona
ochoq,quchoq
ochopat,toʻymas
ochilishmoq,kayfiyati yaxshilanmoq
ochiqliq,oraliq
ochki,koʻzoynak
ochqilomoq,ochmoq
ochchiq,olib chiqmoq
opchiq,olib chiqmoq
ong,oling
ongo-tong,esankiramoq
ongorroq,nariroq
ongdimoq,poylamoq
onggudik,anqov
ongiyoʻq,anqov
ongirqi,narigi
ongqoymoq,hayron qolmoq
ongqirmoq,qichqirmoq
ongroymoq,qarab turmoq
ongsot,oson
goʻrdim, koʻrdim
giyimimni, kiyimimni
gizlap, olib
doyim, togʻam
ongshirmoq,tushunib yetmoq
ongshormoq,tushunib yetmoq
ad-oʻvrayli,obroʻli
odi yoʻlina,nomigagina
ajidosh,achchiqtosh
ajimoq,tindirildi
alakim,alik olish
alapasirdi,gʻala-gʻovur
alaxumma,qovun turi
aldam-qaldam,aldovchi
oljoq,oluvchi
alqosh,ichuvchi
almazar,mevazor
alviromoq,dovdiramoq
alchaq,va'dasiz
alchoygon,alchaygan
anqov,esi past
aptiromoq,esankiramoq
aqizmoq,oqizmoq
aqli,aqli
aqrava,shoʻr
aqsirmoq,aksa urmoq
ara,ora
arolob,saralab
arqali,bashoratchi
arqoyin,xotirjam
artiqmoch,ortiqcha
asmo uqil,osma ukol
atalo,taom nomi
atliqmo,hovliqma
avlobosh,qabriston
ovliyobuvo,qabriston
avru,ogʻriq
axtiq,nevara
axsham,kecha
ayamoq,ayamoq
aydin,yaxshi
aylanma,aylanma yoʻl
eron,ayron
ayrilmoq,ayrilmoq
ayrim,ayrim
oyriq,kovak
aytimchi,xalfa
agʻach,yogʻoch
agʻirsaldamli,ogʻir-bosiq
agʻmoq,egilmoq
oshillo,qoʻshiq
ashqillomoq,oʻrinsiz
achki,koʻzoynak
angasoʻv,es-hushsiz
angdimoq,poylamoq
angsiz,tushunmaydigan
angshirmaq,anglamoq
ongsharmaq,anglamoq
babang,juda katta
bad,tezkor
badlanmoq,suqlanmoq
badroʻ,koʻrinishi yoqimsiz
bajik,qoʻzichoq
bajraymoq,baqraymoq
baklama,tuzlama
baklamoq,berkitmoq
bakli,berkilgan
bakra,baliq turi
balo,uddaburon
balli,maʼlum
barak,chuchvara
boʻrak,chuchvara
bas,bahs
bavak,goʻdak
buvak,goʻdak
banggi,mukkasidan ketgan
bolkadi,qovoq
baxtarap,orqa tomon
bogʻtarap,orqa tomon
bo,bor
bodli,kuchli
bodomoy,taqinchoq
bodya,sopol tovoq
bojo,boja
bol,asal
bolchingirik,shakarqamish
bolo,jiyan
boloq,ishton
boldoq,dasta
boldir,oyoq qismi
boldiz,boldiz
bolgor,bulgʻor qalampiri
bolchin,goʻzal
bom,bu ham
bono-boxono,bahona
bono,bu yonga
boplomoq,boplamoq
boqoloq,semiz
boqroymoq,qaramoq
borl,baquvvat
borlomoq,yoʻqlamoq
borxit,baxmal
barx,baxmal
bosobos,toʻpolon
bosinniqmoq,alaxsiramoq
bosirinmoq,bostirilmoq
bosirigʻi,ogʻirlik
bosirmoq,bostirmoq
bosmochaynik,sirli choynak
bostirig,yopunchiq
bostirgʻi,yopunchiq
bostirma,ayvon
botlonmoq,kuchaymoq
botlonin,juda katta
botmoq,botqoq
bov,bogʻ
bovo,bobo
boʻvo,bobo
bovir,jigar
bogʻir,jigar
bovirsok,boʻgʻirsoq
boxono,bahona

xorazmcha,oʻzbekcha
boxil,ichi qora
boy,boy
boyoqish,bechora
boyoqi,ilgarigi
boyboʻy,voy-boʻ
boyimjon,baqlajon
boyiz,bois
boylomoq,bogʻlamoq
boylom,bogʻlam
boyroq,bayroq
bozorgun,yakshanba
bogʻolo,bagʻbaqa
bogʻdosh,chordona
bordosh,chordona
mordosh,chordona
bosho,yogʻoch tirgak
boshormoq,qoʻlga olmoq
boshiqorongʻi,boshqorongʻi
boshuji,bosh tomoni
beda,bu yerda
begalishik,besoʻnaqay
bejraymoq,baqraymoq
bekorchiliq,ishsizlik
belanggi,bel ogʻrigʻi
belo,tergash
belbuv,belbogʻ
bemal,nomuvofiq
benovo,aqlsiz
bergi,qarz
bargi,qarz
bet,varaq
bevoriy,ehtimol
bivori,ehtimol
bez,doka
bezraymoq,bezrayib
beshak,qovun navi
beshikchi,hasharot
beshikortik,beshik yopinchiq
bechoro,bechora
bichoro,bechora
bikash,qayinsingil
bikach,qayinsingil
bidir,tezgap
bidir-bidir,gʻadir-budir
bidirdovuq,notekis
bijoq,buzoq
bijgʻimoq,buzilmoq
bijir,qovun navi
bijir-bidir,taqlid soʻz
bilak,bilak
bilomoq,atala
billonglodi,tebranmoq
bilqildoviq,bilqildoq
bilqim,semiz
biltir,bultur
biltirgʻi,oʻtgan yilgi
bilgʻomoq,ifloslamoq
bilchiq,suyuq loy
biqti,boʻgʻdi
bugʻdi,boʻgʻdi
bir hiyli,farqli
bira,burga
birga,burga
birasa,baʼzan
birda yorim,baʼzan
birdiy,birday
birdin,birday
birin,burun
binni,burun
murin,burun
birlamak,yagonalamoq
birmalli,toʻsatdan
birvoxli,toʻsatdan
birnosi,oʻtgan yil
binnosi,oʻtgan yil
birnogʻi yil,oʻtgan yil
birporo voxti,yolgʻiz
birroymo,tannoz
birt,moʻylov
mirt,moʻylov
biryonnon,bir boshdan
birzomon,bir lahza
birgʻi,turtki
birch,murch
bitir,bitkaz
bitlas,bitliqi
bitta,ozgina
pitta,ozgina
biton,beton
beton,beton
biyano,buyon
bono,buyon
biyono,danak
biyovli,boyoʻgʻli
boyogʻul,boyoʻgʻli
biyi,behi
bexi,behi
begi,behi
bivi,yangga
yengnga,yangga
biylamoq,siylash
bizoq,buzoq
bizoqvoshshi,tirmizak
bizbizoloq,buzmoq
bigʻoz,homilador
bugʻoz,homilador
bigʻildi,boʻgʻildi
bugʻildi,boʻgʻildi
bigʻir-bigʻir,qimirlamoq
bigʻirdomoq,qimirlamoq
boʻgʻirdoqlomoq,bosh chiqarmoq
bigʻirdi,qimirladi
bichoro,bechora
bichmoq,bichmoq
bichqi,qoʻl arra
bijirdomoq,bijirlamoq
bukmak,bukmoq
bukmoq,bukmoq
blyuda,tovoq
boʻtji,hasharot
boʻkchimoq,sakramoq
boʻla,boʻla
boʻlik,parcha
boʻlma,xona
boʻtaka,tovuq jigʻildoni
poʻtaya,tovuq jigʻildoni
poʻtiya,tovuq jigʻildoni
boʻzvant,ayollar bezagi
boʻrsoq,boʻgʻirsoq
boʻdoy,bugʻdoy
boʻkmoq,toʻymoq
boʻldi-boʻmodi,boʻlmagʻur
boʻldigʻi,boʻladigani
boʻldirmoq,tugatmoq
boʻmbox,mato turi
poʻmborxt,mato turi
boʻtolo,loy
boʻtqa,boʻtqa
boʻvo,bobo
boʻyonoq,pardoz ashyosi
boʻyonmoq,pardoz qilmoq
boʻgʻoni,boʻlgani
boʻgʻim,boʻgʻin
boʻgʻirdoq,bosh
boʻsh,gap
boʻshshiqqina,yumshoqqina
broslet,bilakuzuk
buklam,buklangan
burundiq ena,vakil ona
butav,but
buyun,bugun
budoy,bugʻdoy
but,oyoq orasi
buz,muz
bubak,yosh bola
budoq,novda
bidoq,novda
bilamaq,taom turi
buloqi,burun taqinchogʻi
burchuk,koʻz
butuntirnoq,taqinchoq
bulonglomoq,bilonglamoq
bilonglomoq,bilonglamoq
burma,burma
burunsa,burun
büːryun,indinga
buv,bugʻ
bugʻ,bugʻ
buvoz,homilador
buzaqvashshi,parchalash
bugʻcho,tugun
buxcho,tugun
buqcha,tugun
dabrinmoq,tentiramoq
dabalanmoq,tentiramoq
dapalanmoq,tentiramoq
dagan,degan
dayan,degan
dak,tinch
dakana,mato turi
takana,mato turi
dakvallikda,ancha-muncha
daliz,koridor
dallamoq,terlamoq
dallik,yopinchiq
damir,temir
damkash,dasturxon
damkoʻta,bronxit
damratki,temratki
damrildi,termuldi
damrilmoq,termulmoq
darmilmoq,termulmoq
dandiraklap,tentirab
dandiramoq,tentiramoq
danjik,betartib
dap boʻlmoq,yoʻq boʻlmoq
dapa,tepa
dapa gurring,behuda gap
dapak,tepangʻi
dapalashmaq,urushmoq
dapang,naynov
dapki,tepki
dapkilik,kasallik
dapmoq,tepmoq
dapsinmak,tepsinmoq
darak,terak
daraklik,terakzor
xorazmcha,oʻzbekcha
darpanmoq,tebranmoq
darpatmak,tebratmoq
darruv,tez
darroʻm,tez
dars,goʻng
darvadar,darbadar
dasmol siqmoq,laganbardorlik
dasta,dasta
davlena,qon bosimi
daydi,daydi
dang,teng
dangamik,tengqur
danglamoq,tenglamoq
dodov,tik turish
dol,tut daraxti
dolomoq,talamoq
dolon,darvoza xona
domoq,tomoq
domoqsov,ochofat
domor,tomir
domizliq,oqlik
dommoq,tommoq
donimoq,tanimoq
doniqqon,taniqli
doniqli,taniqli
donishtirmoq,tanishtirmoq
doqomoq,deb bilmoq
doqmoq,deb bilmoq
darangi,saksovul
dorushka,sholcha
doroshka,sholcha
dosmol,qozon
dasmal siqmaq,laganbardorlik
dotmoq,tatimoq
dovocha,tumor
dovoyiqoq,talabchan
dovdir,anqov
dodir,anqov
doyov,baquvvat
doyi,togʻa
doyinmoq,siypanmoq
dogʻ,dogʻ
dogʻin,yuklama
don,yuklama
doshmo,toshma
dor,tor
dongni dirmalap,ertalab
deri,teri
devmoq,tuymoq
duymoq,tuymoq
deyar-demas,tegar-tegmas
deyirmon,tegirmon
deyishmoq,hazillashmoq
deyizmoq,gap otmoq
deymoq,yonma-yon
deyro,daryo
dayro,daryo
daryo,daryo
deyvol,devor
divol,devor
devol,devor
deshon,tashqari
desh,tashqari
dil,til
dilanmoq,tilanmoq
dilay,tilak
dilik,tilim
dilqomchi,qamchi
dim,juda
dima,boʻrttirish
dimotolo,biratoʻla
dimiq,dim
dimiqmoq,nafas qisilmoq
dimigʻmoq,havosiz joy
dinnoq,tirnoq
diqilinch,tirbandlik
diqilmoq,toʻlib-toshmoq
dirdin,ozgincha
dirmolovuq,uy anjomi
disliq,kir
digʻo,kuyov salla
jigʻo,kuyov salla
digʻiriq,tor koʻcha
digirchak,gʻildirak
dirjak,gʻildirak
dibi,tubi
dipi,tubi
divi,tubi
dirsak,tirsak
dik,tek
dak,tek
dikirdama,chaqqon
diklanmak,tiklanmoq
dillashmak,til topishmoq
din,jim boʻl
dindirmoq,ovutmoq
dinib oʻtir,tinch oʻtir
diramoq,tiramoq
dirav,tirgak
diri,tirik
ditmoq,titmoq
div,tup
diyma,tugma
diz,tizza
dish,tish
duvoq,qopqoq
duvtor,dutor
dutor,dutor
duxofka,duxovka
duxtr,shifokor
duzmoq,tuzmoq
dushlashmoq,duch kelmoq
dushiqmoq,duch kelmoq
dushloshmoq,uchrashmoq
dushmo-dush,qarama-qarshi
dupdurus,tuzuk
dubdurus,tuzuk
duburdi,dupurdi
dud,tutun
dudik,surnaycha
dugilmoq,tuyulmoq
dugur,boʻlak
duyur,boʻlak
dukon,doʻkon
dukurdi,dupurdi
dullanmoq,aynimoq
dulli-dulli,turli-tuman
dumdik,tik
dimdik,tik
dunak,gʻoʻr qovun
tuynak,gʻoʻr qovun
dunki,toʻnka
dur,toʻxta
durish,hayot tarzi
durishda,hayot tarzi
durtki,turtki
durtmoq,xalaqit bermoq
dusamma,dabdaba
dusanba,dabdaba
duvak,tuvak
tuvak,tuvak
duvalang,toʻzon
duvaray,boʻron
duymak,tugmoq
duynik,tuynuk
dunik,tuynuk
duyun,tugun
duyunchak,tuguncha
dugunchak,tuguncha
duzik,tizilgan
duzdik,tartib-qoida
duzlmoq,tizilmoq
duzum-duzum,tizilgan
duzuvli,tuzuk
dush,tush
dushiga girmoq,tushiga kirmoq
dushunmak,tushunmoq
dungalak,yumshatgich
doʻddi,xunuk
doʻldirmoq,toʻldirmoq
doʻli,toʻla
dolishmoq,oʻsmoq
doʻn,toʻn
doʻngʻir,yogʻ
doʻqqiz,sovga (toʻqqiz tovoq)
doʻri,toʻgʻri
doʻyimsiz,toʻyimsiz
doʻgʻrama,taom turi
dogʻri,toʻgʻri
doʻcha,gʻoʻra
davcha,gʻoʻra
doʻngmoq,sovqatmoq
doʻndirmoq,joyiga keltirmoq
doʻnmoq,turlanmoq
doʻramoq,tugʻilmoq
duramoq,vujudga kelmoq
doʻram-doʻram,boʻlak-boʻlak
doʻvdiramak,oʻralashib yurish
doʻvmak,tuymoq
doʻzim barmoq,sabr qilmoq
doʻshak,toʻshak
doʻshalmoq,laganbardorlik
doʻshamoq,toʻshamoq
doʻshik,teshik
evash,xunuk
ebjoʻsh,tut
egiz,egizak
ejashmoq,oʻchakishmoq
ejoyip,ajoyib
eka-teka,qalin doʻst
ekkalmak,olib kelmoq
el,qoʻl
elandi,kechikdi
eglandi,kechikdi
el boʻlmoq,kelishib ketish
elamak,elamoq
elandi,yalinmoq
elapa,arafa
elasa,shunday boʻlsa
elashtirmoq,alashtirmoq
elot,mahalla
elotqoʻm,mahalla raisi
elli,ellik
elpatak,mehmondoʻst
elti,toʻy
emdolli,yaxshi
emgak,mehnat
emjak,koʻkrak
en,elka
eyn,elka
enaga,doya
enoyi,aqli past
endam,pardoz
endarip,toʻkib
endiratma,zina
endirmoq,oshirmoq
enlanmak,kech qolmoq
eylanmak,kech qolmoq
enli,keng
enmak,yiqilmoq
ep,epchil
epashlamoq,ayamoq
erinchak,erinchoq
ertay,ertak
esirmaq,kekkaymoq
eyalik atmoq,egalik qilmoq
eyallamak,egallamoq
eyar,agar
eyev,egov
eyin,egin
eyinbosh,kiyim-kechak
eyib,ayb
eyirmak,egirmoq
eylamak,kechikmoq
eylanmoq,kechikmoq
eymoq,iymak
ezaldan,avvaldan
ezali qodim,azaldan
eshakori,qovoqari
eshakdish,old tishlar
esharmoq,surmoq
eshik,hovli
engilmoq,egilmoq
eyilmoq,egilmoq
engsadan deyish,asabga tegish
engshashmak,gap talashmoq
nagap, nima gap
nagaplar, nima gaplar
Anam, Onam